tecnica,epsilon,media_real,media_dp,bias,mae,mse,desvio_padrao,n_repeticoes
lib-nat,0.1,54.43894389438944,54.47542080197419,0.0364769075847468,3.409914406451134,23.3464438684514,4.831678104309563,200
diffprivlib,0.1,54.43894389438944,54.56396902256659,0.1250251281771535,3.607922837321366,22.973520720155594,4.7914391822791496,200
R-diffpriv,0.1,54.43894389438944,54.523308704091406,0.0843648097019646,4.116642375206595,34.67812964288978,5.8882095939066,200
lib-nat,0.6931471805599453,54.43894389438944,54.38013872382648,-0.0588051705629524,0.5142780248010811,0.4719472143987188,0.6844626843837295,200
diffprivlib,0.6931471805599453,54.43894389438944,54.4848372953222,0.0458934009327692,0.5742667895520677,0.6470511535184759,0.8030846463912131,200
R-diffpriv,0.6931471805599453,54.43894389438944,54.43534509299519,-0.0035988013942426,0.669083403370674,0.9746941223222084,0.9872594243413092,200
R-diffpriv,1.0,54.43894389438944,54.4333864980265,-0.005557396362936,0.4265642717372367,0.3786117554191028,0.6152892578005633,200
lib-nat,1.0,54.43894389438944,54.44362091983273,0.0046770254432891,0.4330599049058932,0.3996280097020657,0.6321440778296262,200
diffprivlib,1.0,54.43894389438944,54.43001609600224,-0.00892779838721,0.4345164148952832,0.3498596364887892,0.5914219567320329,200
lib-nat,1.3862943611198906,54.43894389438944,54.42516020008665,-0.013783694302797,0.2875799043407843,0.155002458860889,0.3934621565440012,200
diffprivlib,1.3862943611198906,54.43894389438944,54.454865005291815,0.0159211109023727,0.3043733839479677,0.1882080242294127,0.4335372446019454,200
R-diffpriv,1.3862943611198906,54.43894389438944,54.43323509778202,-0.0057087966074209,0.3079253178763095,0.1796528618531168,0.4238163181077529,200
